dealer_id,month,target_units
101,2024-10,29
101,2024-11,32
101,2024-12,36
101,2025-01,24
101,2025-02,25
101,2025-03,31
101,2025-04,33
101,2025-05,33
101,2025-06,32
101,2025-07,29
101,2025-08,29
101,2025-09,31
101,2025-10,31
101,2025-11,34
101,2025-12,37
101,2026-01,25
101,2026-02,27
101,2026-03,33
101,2026-04,35
101,2026-05,35
101,2026-06,33
101,2026-07,30
101,2026-08,30
101,2026-09,32
102,2024-10,50
102,2024-11,55
102,2024-12,60
102,2025-01,40
102,2025-02,43
102,2025-03,54
102,2025-04,56
102,2025-05,57
102,2025-06,54
102,2025-07,49
102,2025-08,49
102,2025-09,52
102,2025-10,52
102,2025-11,58
102,2025-12,63
102,2026-01,42
102,2026-02,45
102,2026-03,56
102,2026-04,59
102,2026-05,59
102,2026-06,57
102,2026-07,51
102,2026-08,52
102,2026-09,55
103,2024-10,29
103,2024-11,32
103,2024-12,36
103,2025-01,24
103,2025-02,25
103,2025-03,31
103,2025-04,33
103,2025-05,33
103,2025-06,32
103,2025-07,29
103,2025-08,29
103,2025-09,31
103,2025-10,31
103,2025-11,34
103,2025-12,37
103,2026-01,25
103,2026-02,27
103,2026-03,33
103,2026-04,35
103,2026-05,35
103,2026-06,33
103,2026-07,30
103,2026-08,30
103,2026-09,32
104,2024-10,18
104,2024-11,19
104,2024-12,21
104,2025-01,14
104,2025-02,15
104,2025-03,19
104,2025-04,20
104,2025-05,20
104,2025-06,19
104,2025-07,17
104,2025-08,17
104,2025-09,18
104,2025-10,18
104,2025-11,20
104,2025-12,22
104,2026-01,15
104,2026-02,16
104,2026-03,20
104,2026-04,21
104,2026-05,21
104,2026-06,20
104,2026-07,18
104,2026-08,18
104,2026-09,19
105,2024-10,50
105,2024-11,55
105,2024-12,60
105,2025-01,40
105,2025-02,43
105,2025-03,54
105,2025-04,56
105,2025-05,57
105,2025-06,54
105,2025-07,49
105,2025-08,49
105,2025-09,52
105,2025-10,52
105,2025-11,58
105,2025-12,63
105,2026-01,42
105,2026-02,45
105,2026-03,56
105,2026-04,59
105,2026-05,59
105,2026-06,57
105,2026-07,51
105,2026-08,52
105,2026-09,55
106,2024-10,18
106,2024-11,19
106,2024-12,21
106,2025-01,14
106,2025-02,15
106,2025-03,19
106,2025-04,20
106,2025-05,20
106,2025-06,19
106,2025-07,17
106,2025-08,17
106,2025-09,18
106,2025-10,18
106,2025-11,20
106,2025-12,22
106,2026-01,15
106,2026-02,16
106,2026-03,20
106,2026-04,21
106,2026-05,21
106,2026-06,20
106,2026-07,18
106,2026-08,18
106,2026-09,19
107,2024-10,29
107,2024-11,32
107,2024-12,36
107,2025-01,24
107,2025-02,25
107,2025-03,31
107,2025-04,33
107,2025-05,33
107,2025-06,32
107,2025-07,29
107,2025-08,29
107,2025-09,31
107,2025-10,31
107,2025-11,34
107,2025-12,37
107,2026-01,25
107,2026-02,27
107,2026-03,33
107,2026-04,35
107,2026-05,35
107,2026-06,33
107,2026-07,30
107,2026-08,30
107,2026-09,32
108,2024-10,29
108,2024-11,32
108,2024-12,36
108,2025-01,24
108,2025-02,25
108,2025-03,31
108,2025-04,33
108,2025-05,33
108,2025-06,32
108,2025-07,29
108,2025-08,29
108,2025-09,31
108,2025-10,31
108,2025-11,34
108,2025-12,37
108,2026-01,25
108,2026-02,27
108,2026-03,33
108,2026-04,35
108,2026-05,35
108,2026-06,33
108,2026-07,30
108,2026-08,30
108,2026-09,32
109,2024-10,50
109,2024-11,55
109,2024-12,60
109,2025-01,40
109,2025-02,43
109,2025-03,54
109,2025-04,56
109,2025-05,57
109,2025-06,54
109,2025-07,49
109,2025-08,49
109,2025-09,52
109,2025-10,52
109,2025-11,58
109,2025-12,63
109,2026-01,42
109,2026-02,45
109,2026-03,56
109,2026-04,59
109,2026-05,59
109,2026-06,57
109,2026-07,51
109,2026-08,52
109,2026-09,55
110,2024-10,18
110,2024-11,19
110,2024-12,21
110,2025-01,14
110,2025-02,15
110,2025-03,19
110,2025-04,20
110,2025-05,20
110,2025-06,19
110,2025-07,17
110,2025-08,17
110,2025-09,18
110,2025-10,18
110,2025-11,20
110,2025-12,22
110,2026-01,15
110,2026-02,16
110,2026-03,20
110,2026-04,21
110,2026-05,21
110,2026-06,20
110,2026-07,18
110,2026-08,18
110,2026-09,19
111,2024-10,29
111,2024-11,32
111,2024-12,36
111,2025-01,24
111,2025-02,25
111,2025-03,31
111,2025-04,33
111,2025-05,33
111,2025-06,32
111,2025-07,29
111,2025-08,29
111,2025-09,31
111,2025-10,31
111,2025-11,34
111,2025-12,37
111,2026-01,25
111,2026-02,27
111,2026-03,33
111,2026-04,35
111,2026-05,35
111,2026-06,33
111,2026-07,30
111,2026-08,30
111,2026-09,32
112,2024-10,29
112,2024-11,32
112,2024-12,36
112,2025-01,24
112,2025-02,25
112,2025-03,31
112,2025-04,33
112,2025-05,33
112,2025-06,32
112,2025-07,29
112,2025-08,29
112,2025-09,31
112,2025-10,31
112,2025-11,34
112,2025-12,37
112,2026-01,25
112,2026-02,27
112,2026-03,33
112,2026-04,35
112,2026-05,35
112,2026-06,33
112,2026-07,30
112,2026-08,30
112,2026-09,32
113,2024-10,29
113,2024-11,32
113,2024-12,36
113,2025-01,24
113,2025-02,25
113,2025-03,31
113,2025-04,33
113,2025-05,33
113,2025-06,32
113,2025-07,29
113,2025-08,29
113,2025-09,31
113,2025-10,31
113,2025-11,34
113,2025-12,37
113,2026-01,25
113,2026-02,27
113,2026-03,33
113,2026-04,35
113,2026-05,35
113,2026-06,33
113,2026-07,30
113,2026-08,30
113,2026-09,32
114,2024-10,50
114,2024-11,55
114,2024-12,60
114,2025-01,40
114,2025-02,43
114,2025-03,54
114,2025-04,56
114,2025-05,57
114,2025-06,54
114,2025-07,49
114,2025-08,49
114,2025-09,52
114,2025-10,52
114,2025-11,58
114,2025-12,63
114,2026-01,42
114,2026-02,45
114,2026-03,56
114,2026-04,59
114,2026-05,59
114,2026-06,57
114,2026-07,51
114,2026-08,52
114,2026-09,55
115,2024-10,29
115,2024-11,32
115,2024-12,36
115,2025-01,24
115,2025-02,25
115,2025-03,31
115,2025-04,33
115,2025-05,33
115,2025-06,32
115,2025-07,29
115,2025-08,29
115,2025-09,31
115,2025-10,31
115,2025-11,34
115,2025-12,37
115,2026-01,25
115,2026-02,27
115,2026-03,33
115,2026-04,35
115,2026-05,35
115,2026-06,33
115,2026-07,30
115,2026-08,30
115,2026-09,32
116,2024-10,18
116,2024-11,19
116,2024-12,21
116,2025-01,14
116,2025-02,15
116,2025-03,19
116,2025-04,20
116,2025-05,20
116,2025-06,19
116,2025-07,17
116,2025-08,17
116,2025-09,18
116,2025-10,18
116,2025-11,20
116,2025-12,22
116,2026-01,15
116,2026-02,16
116,2026-03,20
116,2026-04,21
116,2026-05,21
116,2026-06,20
116,2026-07,18
116,2026-08,18
116,2026-09,19
117,2024-10,29
117,2024-11,32
117,2024-12,36
117,2025-01,24
117,2025-02,25
117,2025-03,31
117,2025-04,33
117,2025-05,33
117,2025-06,32
117,2025-07,29
117,2025-08,29
117,2025-09,31
117,2025-10,31
117,2025-11,34
117,2025-12,37
117,2026-01,25
117,2026-02,27
117,2026-03,33
117,2026-04,35
117,2026-05,35
117,2026-06,33
117,2026-07,30
117,2026-08,30
117,2026-09,32
118,2024-10,29
118,2024-11,32
118,2024-12,36
118,2025-01,24
118,2025-02,25
118,2025-03,31
118,2025-04,33
118,2025-05,33
118,2025-06,32
118,2025-07,29
118,2025-08,29
118,2025-09,31
118,2025-10,31
118,2025-11,34
118,2025-12,37
118,2026-01,25
118,2026-02,27
118,2026-03,33
118,2026-04,35
118,2026-05,35
118,2026-06,33
118,2026-07,30
118,2026-08,30
118,2026-09,32
119,2024-10,50
119,2024-11,55
119,2024-12,60
119,2025-01,40
119,2025-02,43
119,2025-03,54
119,2025-04,56
119,2025-05,57
119,2025-06,54
119,2025-07,49
119,2025-08,49
119,2025-09,52
119,2025-10,52
119,2025-11,58
119,2025-12,63
119,2026-01,42
119,2026-02,45
119,2026-03,56
119,2026-04,59
119,2026-05,59
119,2026-06,57
119,2026-07,51
119,2026-08,52
119,2026-09,55
120,2024-10,29
120,2024-11,32
120,2024-12,36
120,2025-01,24
120,2025-02,25
120,2025-03,31
120,2025-04,33
120,2025-05,33
120,2025-06,32
120,2025-07,29
120,2025-08,29
120,2025-09,31
120,2025-10,31
120,2025-11,34
120,2025-12,37
120,2026-01,25
120,2026-02,27
120,2026-03,33
120,2026-04,35
120,2026-05,35
120,2026-06,33
120,2026-07,30
120,2026-08,30
120,2026-09,32
121,2024-10,18
121,2024-11,19
121,2024-12,21
121,2025-01,14
121,2025-02,15
121,2025-03,19
121,2025-04,20
121,2025-05,20
121,2025-06,19
121,2025-07,17
121,2025-08,17
121,2025-09,18
121,2025-10,18
121,2025-11,20
121,2025-12,22
121,2026-01,15
121,2026-02,16
121,2026-03,20
121,2026-04,21
121,2026-05,21
121,2026-06,20
121,2026-07,18
121,2026-08,18
121,2026-09,19
122,2024-10,50
122,2024-11,55
122,2024-12,60
122,2025-01,40
122,2025-02,43
122,2025-03,54
122,2025-04,56
122,2025-05,57
122,2025-06,54
122,2025-07,49
122,2025-08,49
122,2025-09,52
122,2025-10,52
122,2025-11,58
122,2025-12,63
122,2026-01,42
122,2026-02,45
122,2026-03,56
122,2026-04,59
122,2026-05,59
122,2026-06,57
122,2026-07,51
122,2026-08,52
122,2026-09,55
123,2024-10,18
123,2024-11,19
123,2024-12,21
123,2025-01,14
123,2025-02,15
123,2025-03,19
123,2025-04,20
123,2025-05,20
123,2025-06,19
123,2025-07,17
123,2025-08,17
123,2025-09,18
123,2025-10,18
123,2025-11,20
123,2025-12,22
123,2026-01,15
123,2026-02,16
123,2026-03,20
123,2026-04,21
123,2026-05,21
123,2026-06,20
123,2026-07,18
123,2026-08,18
123,2026-09,19
124,2024-10,18
124,2024-11,19
124,2024-12,21
124,2025-01,14
124,2025-02,15
124,2025-03,19
124,2025-04,20
124,2025-05,20
124,2025-06,19
124,2025-07,17
124,2025-08,17
124,2025-09,18
124,2025-10,18
124,2025-11,20
124,2025-12,22
124,2026-01,15
124,2026-02,16
124,2026-03,20
124,2026-04,21
124,2026-05,21
124,2026-06,20
124,2026-07,18
124,2026-08,18
124,2026-09,19
125,2024-10,29
125,2024-11,32
125,2024-12,36
125,2025-01,24
125,2025-02,25
125,2025-03,31
125,2025-04,33
125,2025-05,33
125,2025-06,32
125,2025-07,29
125,2025-08,29
125,2025-09,31
125,2025-10,31
125,2025-11,34
125,2025-12,37
125,2026-01,25
125,2026-02,27
125,2026-03,33
125,2026-04,35
125,2026-05,35
125,2026-06,33
125,2026-07,30
125,2026-08,30
125,2026-09,32
126,2024-10,50
126,2024-11,55
126,2024-12,60
126,2025-01,40
126,2025-02,43
126,2025-03,54
126,2025-04,56
126,2025-05,57
126,2025-06,54
126,2025-07,49
126,2025-08,49
126,2025-09,52
126,2025-10,52
126,2025-11,58
126,2025-12,63
126,2026-01,42
126,2026-02,45
126,2026-03,56
126,2026-04,59
126,2026-05,59
126,2026-06,57
126,2026-07,51
126,2026-08,52
126,2026-09,55
127,2024-10,29
127,2024-11,32
127,2024-12,36
127,2025-01,24
127,2025-02,25
127,2025-03,31
127,2025-04,33
127,2025-05,33
127,2025-06,32
127,2025-07,29
127,2025-08,29
127,2025-09,31
127,2025-10,31
127,2025-11,34
127,2025-12,37
127,2026-01,25
127,2026-02,27
127,2026-03,33
127,2026-04,35
127,2026-05,35
127,2026-06,33
127,2026-07,30
127,2026-08,30
127,2026-09,32
128,2024-10,18
128,2024-11,19
128,2024-12,21
128,2025-01,14
128,2025-02,15
128,2025-03,19
128,2025-04,20
128,2025-05,20
128,2025-06,19
128,2025-07,17
128,2025-08,17
128,2025-09,18
128,2025-10,18
128,2025-11,20
128,2025-12,22
128,2026-01,15
128,2026-02,16
128,2026-03,20
128,2026-04,21
128,2026-05,21
128,2026-06,20
128,2026-07,18
128,2026-08,18
128,2026-09,19
129,2024-10,29
129,2024-11,32
129,2024-12,36
129,2025-01,24
129,2025-02,25
129,2025-03,31
129,2025-04,33
129,2025-05,33
129,2025-06,32
129,2025-07,29
129,2025-08,29
129,2025-09,31
129,2025-10,31
129,2025-11,34
129,2025-12,37
129,2026-01,25
129,2026-02,27
129,2026-03,33
129,2026-04,35
129,2026-05,35
129,2026-06,33
129,2026-07,30
129,2026-08,30
129,2026-09,32
130,2024-10,18
130,2024-11,19
130,2024-12,21
130,2025-01,14
130,2025-02,15
130,2025-03,19
130,2025-04,20
130,2025-05,20
130,2025-06,19
130,2025-07,17
130,2025-08,17
130,2025-09,18
130,2025-10,18
130,2025-11,20
130,2025-12,22
130,2026-01,15
130,2026-02,16
130,2026-03,20
130,2026-04,21
130,2026-05,21
130,2026-06,20
130,2026-07,18
130,2026-08,18
130,2026-09,19
131,2024-10,50
131,2024-11,55
131,2024-12,60
131,2025-01,40
131,2025-02,43
131,2025-03,54
131,2025-04,56
131,2025-05,57
131,2025-06,54
131,2025-07,49
131,2025-08,49
131,2025-09,52
131,2025-10,52
131,2025-11,58
131,2025-12,63
131,2026-01,42
131,2026-02,45
131,2026-03,56
131,2026-04,59
131,2026-05,59
131,2026-06,57
131,2026-07,51
131,2026-08,52
131,2026-09,55
132,2024-10,29
132,2024-11,32
132,2024-12,36
132,2025-01,24
132,2025-02,25
132,2025-03,31
132,2025-04,33
132,2025-05,33
132,2025-06,32
132,2025-07,29
132,2025-08,29
132,2025-09,31
132,2025-10,31
132,2025-11,34
132,2025-12,37
132,2026-01,25
132,2026-02,27
132,2026-03,33
132,2026-04,35
132,2026-05,35
132,2026-06,33
132,2026-07,30
132,2026-08,30
132,2026-09,32
133,2024-10,50
133,2024-11,55
133,2024-12,60
133,2025-01,40
133,2025-02,43
133,2025-03,54
133,2025-04,56
133,2025-05,57
133,2025-06,54
133,2025-07,49
133,2025-08,49
133,2025-09,52
133,2025-10,52
133,2025-11,58
133,2025-12,63
133,2026-01,42
133,2026-02,45
133,2026-03,56
133,2026-04,59
133,2026-05,59
133,2026-06,57
133,2026-07,51
133,2026-08,52
133,2026-09,55
134,2024-10,29
134,2024-11,32
134,2024-12,36
134,2025-01,24
134,2025-02,25
134,2025-03,31
134,2025-04,33
134,2025-05,33
134,2025-06,32
134,2025-07,29
134,2025-08,29
134,2025-09,31
134,2025-10,31
134,2025-11,34
134,2025-12,37
134,2026-01,25
134,2026-02,27
134,2026-03,33
134,2026-04,35
134,2026-05,35
134,2026-06,33
134,2026-07,30
134,2026-08,30
134,2026-09,32
135,2024-10,29
135,2024-11,32
135,2024-12,36
135,2025-01,24
135,2025-02,25
135,2025-03,31
135,2025-04,33
135,2025-05,33
135,2025-06,32
135,2025-07,29
135,2025-08,29
135,2025-09,31
135,2025-10,31
135,2025-11,34
135,2025-12,37
135,2026-01,25
135,2026-02,27
135,2026-03,33
135,2026-04,35
135,2026-05,35
135,2026-06,33
135,2026-07,30
135,2026-08,30
135,2026-09,32
136,2024-10,50
136,2024-11,55
136,2024-12,60
136,2025-01,40
136,2025-02,43
136,2025-03,54
136,2025-04,56
136,2025-05,57
136,2025-06,54
136,2025-07,49
136,2025-08,49
136,2025-09,52
136,2025-10,52
136,2025-11,58
136,2025-12,63
136,2026-01,42
136,2026-02,45
136,2026-03,56
136,2026-04,59
136,2026-05,59
136,2026-06,57
136,2026-07,51
136,2026-08,52
136,2026-09,55
137,2024-10,29
137,2024-11,32
137,2024-12,36
137,2025-01,24
137,2025-02,25
137,2025-03,31
137,2025-04,33
137,2025-05,33
137,2025-06,32
137,2025-07,29
137,2025-08,29
137,2025-09,31
137,2025-10,31
137,2025-11,34
137,2025-12,37
137,2026-01,25
137,2026-02,27
137,2026-03,33
137,2026-04,35
137,2026-05,35
137,2026-06,33
137,2026-07,30
137,2026-08,30
137,2026-09,32
138,2024-10,18
138,2024-11,19
138,2024-12,21
138,2025-01,14
138,2025-02,15
138,2025-03,19
138,2025-04,20
138,2025-05,20
138,2025-06,19
138,2025-07,17
138,2025-08,17
138,2025-09,18
138,2025-10,18
138,2025-11,20
138,2025-12,22
138,2026-01,15
138,2026-02,16
138,2026-03,20
138,2026-04,21
138,2026-05,21
138,2026-06,20
138,2026-07,18
138,2026-08,18
138,2026-09,19
139,2024-10,29
139,2024-11,32
139,2024-12,36
139,2025-01,24
139,2025-02,25
139,2025-03,31
139,2025-04,33
139,2025-05,33
139,2025-06,32
139,2025-07,29
139,2025-08,29
139,2025-09,31
139,2025-10,31
139,2025-11,34
139,2025-12,37
139,2026-01,25
139,2026-02,27
139,2026-03,33
139,2026-04,35
139,2026-05,35
139,2026-06,33
139,2026-07,30
139,2026-08,30
139,2026-09,32
140,2024-10,29
140,2024-11,32
140,2024-12,36
140,2025-01,24
140,2025-02,25
140,2025-03,31
140,2025-04,33
140,2025-05,33
140,2025-06,32
140,2025-07,29
140,2025-08,29
140,2025-09,31
140,2025-10,31
140,2025-11,34
140,2025-12,37
140,2026-01,25
140,2026-02,27
140,2026-03,33
140,2026-04,35
140,2026-05,35
140,2026-06,33
140,2026-07,30
140,2026-08,30
140,2026-09,32
