dealer_id,month,leads,test_drives
101,2024-10,205,66
101,2024-11,165,69
101,2024-12,320,128
101,2025-01,71,23
101,2025-02,156,49
101,2025-03,223,67
101,2025-04,244,89
101,2025-05,285,123
101,2025-06,172,62
101,2025-07,94,32
101,2025-08,94,34
101,2025-09,105,31
101,2025-10,184,71
101,2025-11,120,49
101,2025-12,157,64
101,2026-01,94,40
101,2026-02,104,35
101,2026-03,227,90
101,2026-04,129,39
101,2026-05,174,64
101,2026-06,137,43
101,2026-07,147,47
101,2026-08,109,45
101,2026-09,98,35
102,2024-10,359,128
102,2024-11,444,180
102,2024-12,312,104
102,2025-01,205,87
102,2025-02,376,166
102,2025-03,293,117
102,2025-04,317,110
102,2025-05,217,65
102,2025-06,338,120
102,2025-07,243,99
102,2025-08,227,71
102,2025-09,322,119
102,2025-10,234,84
102,2025-11,189,72
102,2025-12,240,76
102,2026-01,260,101
102,2026-02,211,92
102,2026-03,169,71
102,2026-04,262,110
102,2026-05,259,87
102,2026-06,170,68
102,2026-07,196,86
102,2026-08,257,89
102,2026-09,150,58
103,2024-10,167,72
103,2024-11,164,64
103,2024-12,270,119
103,2025-01,143,61
103,2025-02,161,65
103,2025-03,139,44
103,2025-04,244,84
103,2025-05,199,70
103,2025-06,135,57
103,2025-07,162,49
103,2025-08,184,80
103,2025-09,161,68
103,2025-10,138,47
103,2025-11,148,52
103,2025-12,161,60
103,2026-01,155,47
103,2026-02,196,70
103,2026-03,179,63
103,2026-04,144,54
103,2026-05,108,38
103,2026-06,92,33
103,2026-07,121,51
103,2026-08,155,50
103,2026-09,201,61
104,2024-10,131,49
104,2024-11,60,23
104,2024-12,148,59
104,2025-01,69,30
104,2025-02,107,47
104,2025-03,86,34
104,2025-04,81,31
104,2025-05,124,49
104,2025-06,160,57
104,2025-07,155,64
104,2025-08,79,31
104,2025-09,128,47
104,2025-10,87,27
104,2025-11,99,36
104,2025-12,109,33
104,2026-01,80,27
104,2026-02,134,41
104,2026-03,46,15
104,2026-04,88,30
104,2026-05,115,43
104,2026-06,74,32
104,2026-07,42,17
104,2026-08,96,34
104,2026-09,60,22
105,2024-10,409,150
105,2024-11,271,96
105,2024-12,331,118
105,2025-01,264,107
105,2025-02,288,100
105,2025-03,232,69
105,2025-04,383,125
105,2025-05,292,100
105,2025-06,224,69
105,2025-07,262,99
105,2025-08,283,85
105,2025-09,173,74
105,2025-10,238,98
105,2025-11,319,106
105,2025-12,249,90
105,2026-01,167,60
105,2026-02,211,92
105,2026-03,195,68
105,2026-04,312,106
105,2026-05,250,105
105,2026-06,428,150
105,2026-07,202,76
105,2026-08,138,46
105,2026-09,260,82
106,2024-10,106,37
106,2024-11,103,36
106,2024-12,186,73
106,2025-01,69,24
106,2025-02,67,26
106,2025-03,179,56
106,2025-04,130,49
106,2025-05,134,46
106,2025-06,185,64
106,2025-07,111,35
106,2025-08,162,64
106,2025-09,79,31
106,2025-10,120,36
106,2025-11,166,73
106,2025-12,135,58
106,2026-01,106,40
106,2026-02,88,31
106,2026-03,122,44
106,2026-04,137,44
106,2026-05,65,22
106,2026-06,101,45
106,2026-07,169,71
106,2026-08,140,44
106,2026-09,125,54
107,2024-10,207,73
107,2024-11,186,72
107,2024-12,158,63
107,2025-01,183,57
107,2025-02,262,108
107,2025-03,215,80
107,2025-04,172,60
107,2025-05,287,126
107,2025-06,260,116
107,2025-07,210,76
107,2025-08,151,53
107,2025-09,204,66
107,2025-10,201,85
107,2025-11,340,149
107,2025-12,222,69
107,2026-01,185,57
107,2026-02,188,66
107,2026-03,183,61
107,2026-04,343,107
107,2026-05,289,125
107,2026-06,253,97
107,2026-07,196,73
107,2026-08,274,103
107,2026-09,262,97
108,2024-10,186,76
108,2024-11,253,77
108,2024-12,192,68
108,2025-01,186,56
108,2025-02,228,100
108,2025-03,278,90
108,2025-04,282,90
108,2025-05,231,90
108,2025-06,179,68
108,2025-07,146,61
108,2025-08,182,55
108,2025-09,205,64
108,2025-10,248,85
108,2025-11,169,64
108,2025-12,214,96
108,2026-01,209,85
108,2026-02,137,48
108,2026-03,143,47
108,2026-04,165,57
108,2026-05,199,61
108,2026-06,222,89
108,2026-07,202,80
108,2026-08,159,57
108,2026-09,187,60
109,2024-10,381,140
109,2024-11,504,173
109,2024-12,457,170
109,2025-01,271,120
109,2025-02,298,102
109,2025-03,501,225
109,2025-04,402,178
109,2025-05,433,137
109,2025-06,292,94
109,2025-07,333,146
109,2025-08,355,150
109,2025-09,415,141
109,2025-10,355,128
109,2025-11,364,158
109,2025-12,439,132
109,2026-01,313,99
109,2026-02,274,110
109,2026-03,290,88
109,2026-04,418,180
109,2026-05,344,121
109,2026-06,336,120
109,2026-07,369,158
109,2026-08,329,108
109,2026-09,464,144
110,2024-10,171,67
110,2024-11,150,59
110,2024-12,149,57
110,2025-01,109,38
110,2025-02,189,76
110,2025-03,200,62
110,2025-04,171,64
110,2025-05,198,77
110,2025-06,171,56
110,2025-07,134,51
110,2025-08,94,40
110,2025-09,111,35
110,2025-10,146,51
110,2025-11,149,60
110,2025-12,239,99
110,2026-01,126,51
110,2026-02,95,35
110,2026-03,134,53
110,2026-04,143,56
110,2026-05,177,58
110,2026-06,160,55
110,2026-07,135,44
110,2026-08,137,51
110,2026-09,174,59
111,2024-10,125,39
111,2024-11,199,80
111,2024-12,208,79
111,2025-01,60,23
111,2025-02,224,84
111,2025-03,133,49
111,2025-04,185,63
111,2025-05,236,98
111,2025-06,214,73
111,2025-07,248,90
111,2025-08,207,74
111,2025-09,246,75
111,2025-10,176,61
111,2025-11,199,62
111,2025-12,245,79
111,2026-01,229,95
111,2026-02,144,48
111,2026-03,275,90
111,2026-04,194,71
111,2026-05,203,80
111,2026-06,183,77
111,2026-07,163,55
111,2026-08,158,49
111,2026-09,147,62
112,2024-10,155,55
112,2024-11,226,97
112,2024-12,212,84
112,2025-01,130,51
112,2025-02,154,59
112,2025-03,185,61
112,2025-04,200,68
112,2025-05,184,81
112,2025-06,213,70
112,2025-07,194,61
112,2025-08,151,52
112,2025-09,158,68
112,2025-10,209,91
112,2025-11,187,57
112,2025-12,176,61
112,2026-01,116,35
112,2026-02,153,54
112,2026-03,135,59
112,2026-04,177,78
112,2026-05,296,98
112,2026-06,135,56
112,2026-07,117,44
112,2026-08,247,90
112,2026-09,115,48
113,2024-10,189,79
113,2024-11,162,59
113,2024-12,161,49
113,2025-01,164,68
113,2025-02,203,80
113,2025-03,248,86
113,2025-04,312,97
113,2025-05,167,50
113,2025-06,222,79
113,2025-07,230,82
113,2025-08,180,68
113,2025-09,161,64
113,2025-10,253,102
113,2025-11,245,92
113,2025-12,288,120
113,2026-01,184,82
113,2026-02,190,58
113,2026-03,302,95
113,2026-04,213,91
113,2026-05,189,81
113,2026-06,177,54
113,2026-07,218,90
113,2026-08,154,60
113,2026-09,266,87
114,2024-10,271,108
114,2024-11,363,152
114,2024-12,491,170
114,2025-01,296,98
114,2025-02,255,85
114,2025-03,388,124
114,2025-04,406,151
114,2025-05,468,191
114,2025-06,308,129
114,2025-07,353,123
114,2025-08,313,111
114,2025-09,497,165
114,2025-10,491,153
114,2025-11,455,152
114,2025-12,347,105
114,2026-01,367,154
114,2026-02,321,143
114,2026-03,445,185
114,2026-04,349,123
114,2026-05,504,163
114,2026-06,328,102
114,2026-07,412,130
114,2026-08,471,181
114,2026-09,408,169
115,2024-10,155,50
115,2024-11,194,64
115,2024-12,238,105
115,2025-01,168,56
115,2025-02,223,85
115,2025-03,182,62
115,2025-04,177,62
115,2025-05,178,73
115,2025-06,159,53
115,2025-07,152,47
115,2025-08,166,65
115,2025-09,176,58
115,2025-10,133,49
115,2025-11,156,64
115,2025-12,124,39
115,2026-01,133,42
115,2026-02,142,53
115,2026-03,160,50
115,2026-04,198,65
115,2026-05,99,42
115,2026-06,198,61
115,2026-07,107,43
115,2026-08,124,49
115,2026-09,179,62
116,2024-10,119,50
116,2024-11,119,47
116,2024-12,109,40
116,2025-01,89,40
116,2025-02,149,66
116,2025-03,144,49
116,2025-04,129,56
116,2025-05,161,67
116,2025-06,150,51
116,2025-07,88,27
116,2025-08,211,74
116,2025-09,175,68
116,2025-10,139,51
116,2025-11,135,42
116,2025-12,129,43
116,2026-01,102,32
116,2026-02,88,33
116,2026-03,160,54
116,2026-04,269,104
116,2026-05,158,48
116,2026-06,221,86
116,2026-07,141,50
116,2026-08,140,45
116,2026-09,126,45
117,2024-10,212,89
117,2024-11,209,75
117,2024-12,225,67
117,2025-01,222,81
117,2025-02,186,65
117,2025-03,194,81
117,2025-04,211,64
117,2025-05,276,93
117,2025-06,258,78
117,2025-07,194,76
117,2025-08,177,62
117,2025-09,236,73
117,2025-10,281,114
117,2025-11,250,103
117,2025-12,235,76
117,2026-01,191,63
117,2026-02,168,50
117,2026-03,168,63
117,2026-04,322,105
117,2026-05,363,129
117,2026-06,271,102
117,2026-07,246,82
117,2026-08,162,63
117,2026-09,277,102
118,2024-10,271,96
118,2024-11,189,69
118,2024-12,253,84
118,2025-01,197,84
118,2025-02,202,76
118,2025-03,133,52
118,2025-04,274,92
118,2025-05,180,66
118,2025-06,289,125
118,2025-07,90,32
118,2025-08,248,83
118,2025-09,198,62
118,2025-10,204,79
118,2025-11,136,51
118,2025-12,169,61
118,2026-01,134,42
118,2026-02,186,56
118,2026-03,219,76
118,2026-04,164,54
118,2026-05,179,75
118,2026-06,179,73
118,2026-07,216,66
118,2026-08,293,105
118,2026-09,172,75
119,2024-10,242,86
119,2024-11,412,174
119,2024-12,471,181
119,2025-01,297,103
119,2025-02,266,102
119,2025-03,308,109
119,2025-04,319,111
119,2025-05,282,85
119,2025-06,317,105
119,2025-07,318,111
119,2025-08,329,110
119,2025-09,326,145
119,2025-10,341,140
119,2025-11,373,130
119,2025-12,575,242
119,2026-01,218,74
119,2026-02,244,97
119,2026-03,318,115
119,2026-04,379,155
119,2026-05,337,110
119,2026-06,518,215
119,2026-07,379,149
119,2026-08,293,110
119,2026-09,396,126
120,2024-10,225,84
120,2024-11,189,70
120,2024-12,198,66
120,2025-01,168,62
120,2025-02,224,88
120,2025-03,216,73
120,2025-04,276,105
120,2025-05,243,89
120,2025-06,242,82
120,2025-07,185,78
120,2025-08,171,71
120,2025-09,156,67
120,2025-10,182,75
120,2025-11,216,92
120,2025-12,407,180
120,2026-01,191,84
120,2026-02,200,86
120,2026-03,151,51
120,2026-04,233,102
120,2026-05,125,55
120,2026-06,270,113
120,2026-07,149,47
120,2026-08,201,73
120,2026-09,230,89
121,2024-10,126,48
121,2024-11,82,31
121,2024-12,175,56
121,2025-01,84,29
121,2025-02,149,66
121,2025-03,83,26
121,2025-04,169,72
121,2025-05,95,35
121,2025-06,116,37
121,2025-07,100,32
121,2025-08,193,76
121,2025-09,97,35
121,2025-10,145,55
121,2025-11,98,37
121,2025-12,63,20
121,2026-01,98,33
121,2026-02,75,32
121,2026-03,134,41
121,2026-04,159,55
121,2026-05,104,45
121,2026-06,167,61
121,2026-07,90,37
121,2026-08,151,50
121,2026-09,158,61
122,2024-10,282,90
122,2024-11,331,138
122,2024-12,285,95
122,2025-01,190,58
122,2025-02,197,75
122,2025-03,235,99
122,2025-04,389,133
122,2025-05,360,160
122,2025-06,384,154
122,2025-07,258,95
122,2025-08,263,112
122,2025-09,286,121
122,2025-10,374,156
122,2025-11,420,163
122,2025-12,366,123
122,2026-01,351,110
122,2026-02,343,139
122,2026-03,285,122
122,2026-04,414,139
122,2026-05,355,106
122,2026-06,331,114
122,2026-07,231,71
122,2026-08,261,82
122,2026-09,431,165
123,2024-10,111,45
123,2024-11,119,45
123,2024-12,119,47
123,2025-01,97,32
123,2025-02,77,26
123,2025-03,114,48
123,2025-04,143,48
123,2025-05,149,53
123,2025-06,156,67
123,2025-07,108,33
123,2025-08,117,41
123,2025-09,145,60
123,2025-10,120,42
123,2025-11,130,44
123,2025-12,183,62
123,2026-01,155,54
123,2026-02,100,44
123,2026-03,79,34
123,2026-04,127,48
123,2026-05,61,25
123,2026-06,41,13
123,2026-07,151,56
123,2026-08,78,27
123,2026-09,139,46
124,2024-10,170,70
124,2024-11,104,40
124,2024-12,175,55
124,2025-01,95,33
124,2025-02,96,34
124,2025-03,144,63
124,2025-04,88,28
124,2025-05,78,30
124,2025-06,90,35
124,2025-07,106,35
124,2025-08,132,46
124,2025-09,152,67
124,2025-10,108,45
124,2025-11,103,43
124,2025-12,147,60
124,2026-01,80,25
124,2026-02,138,60
124,2026-03,154,56
124,2026-04,151,66
124,2026-05,207,92
124,2026-06,150,47
124,2026-07,138,42
124,2026-08,137,43
124,2026-09,147,50
125,2024-10,242,107
125,2024-11,173,57
125,2024-12,344,114
125,2025-01,219,96
125,2025-02,166,65
125,2025-03,202,87
125,2025-04,276,97
125,2025-05,191,78
125,2025-06,220,92
125,2025-07,198,62
125,2025-08,149,53
125,2025-09,185,64
125,2025-10,186,60
125,2025-11,257,103
125,2025-12,173,59
125,2026-01,156,56
125,2026-02,197,73
125,2026-03,175,74
125,2026-04,244,74
125,2026-05,222,81
125,2026-06,305,103
125,2026-07,151,45
125,2026-08,166,69
125,2026-09,292,127
126,2024-10,402,124
126,2024-11,255,102
126,2024-12,349,121
126,2025-01,258,93
126,2025-02,184,61
126,2025-03,337,142
126,2025-04,339,149
126,2025-05,464,146
126,2025-06,378,119
126,2025-07,327,116
126,2025-08,353,139
126,2025-09,354,139
126,2025-10,271,86
126,2025-11,440,187
126,2025-12,433,160
126,2026-01,303,92
126,2026-02,367,126
126,2026-03,612,191
126,2026-04,431,149
126,2026-05,410,178
126,2026-06,520,176
126,2026-07,294,125
126,2026-08,324,131
126,2026-09,571,174
127,2024-10,183,56
127,2024-11,200,85
127,2024-12,297,101
127,2025-01,112,47
127,2025-02,118,43
127,2025-03,159,62
127,2025-04,243,97
127,2025-05,256,94
127,2025-06,223,71
127,2025-07,188,59
127,2025-08,180,55
127,2025-09,159,57
127,2025-10,176,56
127,2025-11,160,66
127,2025-12,204,75
127,2026-01,103,41
127,2026-02,167,68
127,2026-03,197,64
127,2026-04,199,87
127,2026-05,164,62
127,2026-06,168,62
127,2026-07,211,89
127,2026-08,288,127
127,2026-09,208,82
128,2024-10,105,35
128,2024-11,145,48
128,2024-12,102,37
128,2025-01,77,31
128,2025-02,113,42
128,2025-03,85,25
128,2025-04,96,40
128,2025-05,102,44
128,2025-06,113,50
128,2025-07,85,31
128,2025-08,107,37
128,2025-09,77,26
128,2025-10,69,21
128,2025-11,31,10
128,2025-12,162,71
128,2026-01,76,28
128,2026-02,60,20
128,2026-03,101,39
128,2026-04,79,28
128,2026-05,111,35
128,2026-06,128,45
128,2026-07,121,37
128,2026-08,48,16
128,2026-09,84,35
129,2024-10,175,73
129,2024-11,286,111
129,2024-12,213,93
129,2025-01,122,51
129,2025-02,131,50
129,2025-03,203,73
129,2025-04,257,96
129,2025-05,229,80
129,2025-06,153,47
129,2025-07,142,58
129,2025-08,133,46
129,2025-09,189,56
129,2025-10,192,81
129,2025-11,194,77
129,2025-12,210,76
129,2026-01,191,78
129,2026-02,210,78
129,2026-03,189,71
129,2026-04,198,84
129,2026-05,165,54
129,2026-06,253,82
129,2026-07,168,53
129,2026-08,132,49
129,2026-09,198,71
130,2024-10,107,32
130,2024-11,58,24
130,2024-12,186,80
130,2025-01,110,37
130,2025-02,93,34
130,2025-03,130,45
130,2025-04,158,49
130,2025-05,113,46
130,2025-06,76,28
130,2025-07,132,46
130,2025-08,90,29
130,2025-09,109,39
130,2025-10,148,53
130,2025-11,124,53
130,2025-12,100,44
130,2026-01,73,32
130,2026-02,98,41
130,2026-03,106,38
130,2026-04,103,32
130,2026-05,37,15
130,2026-06,52,21
130,2026-07,58,18
130,2026-08,85,34
130,2026-09,36,12
131,2024-10,307,115
131,2024-11,294,126
131,2024-12,467,173
131,2025-01,161,67
131,2025-02,298,106
131,2025-03,318,123
131,2025-04,330,118
131,2025-05,280,109
131,2025-06,343,103
131,2025-07,264,84
131,2025-08,291,111
131,2025-09,325,135
131,2025-10,301,119
131,2025-11,269,107
131,2025-12,322,113
131,2026-01,142,48
131,2026-02,189,68
131,2026-03,202,70
131,2026-04,191,85
131,2026-05,219,76
131,2026-06,219,95
131,2026-07,336,108
131,2026-08,216,81
131,2026-09,209,87
132,2024-10,187,66
132,2024-11,157,57
132,2024-12,206,74
132,2025-01,249,105
132,2025-02,165,67
132,2025-03,235,74
132,2025-04,193,71
132,2025-05,230,76
132,2025-06,258,113
132,2025-07,145,54
132,2025-08,205,68
132,2025-09,200,64
132,2025-10,144,63
132,2025-11,223,74
132,2025-12,155,56
132,2026-01,140,46
132,2026-02,135,46
132,2026-03,145,63
132,2026-04,264,104
132,2026-05,147,64
132,2026-06,204,70
132,2026-07,176,63
132,2026-08,172,52
132,2026-09,237,83
133,2024-10,411,141
133,2024-11,322,126
133,2024-12,515,214
133,2025-01,280,109
133,2025-02,180,59
133,2025-03,454,186
133,2025-04,284,126
133,2025-05,259,111
133,2025-06,353,143
133,2025-07,258,103
133,2025-08,264,103
133,2025-09,219,71
133,2025-10,209,73
133,2025-11,283,102
133,2025-12,302,105
133,2026-01,126,47
133,2026-02,237,91
133,2026-03,197,87
133,2026-04,262,101
133,2026-05,234,87
133,2026-06,215,89
133,2026-07,277,112
133,2026-08,156,55
133,2026-09,168,72
134,2024-10,198,63
134,2024-11,255,114
134,2024-12,328,117
134,2025-01,153,52
134,2025-02,210,63
134,2025-03,152,49
134,2025-04,251,108
134,2025-05,301,114
134,2025-06,219,73
134,2025-07,137,54
134,2025-08,166,57
134,2025-09,241,79
134,2025-10,267,88
134,2025-11,255,77
134,2025-12,217,67
134,2026-01,155,58
134,2026-02,132,59
134,2026-03,177,64
134,2026-04,281,117
134,2026-05,163,57
134,2026-06,227,69
134,2026-07,197,79
134,2026-08,215,87
134,2026-09,121,41
135,2024-10,194,77
135,2024-11,327,144
135,2024-12,376,156
135,2025-01,138,46
135,2025-02,213,69
135,2025-03,306,116
135,2025-04,194,62
135,2025-05,232,94
135,2025-06,273,113
135,2025-07,189,73
135,2025-08,175,73
135,2025-09,267,90
135,2025-10,254,108
135,2025-11,175,65
135,2025-12,302,118
135,2026-01,98,37
135,2026-02,297,99
135,2026-03,247,88
135,2026-04,215,74
135,2026-05,222,84
135,2026-06,188,57
135,2026-07,119,45
135,2026-08,228,80
135,2026-09,163,57
136,2024-10,201,76
136,2024-11,349,143
136,2024-12,358,149
136,2025-01,230,81
136,2025-02,298,92
136,2025-03,408,130
136,2025-04,494,186
136,2025-05,382,170
136,2025-06,294,94
136,2025-07,253,107
136,2025-08,343,119
136,2025-09,347,106
136,2025-10,322,120
136,2025-11,536,201
136,2025-12,513,200
136,2026-01,339,151
136,2026-02,321,118
136,2026-03,397,176
136,2026-04,517,159
136,2026-05,525,221
136,2026-06,430,181
136,2026-07,370,163
136,2026-08,311,116
136,2026-09,386,173
137,2024-10,132,45
137,2024-11,171,51
137,2024-12,166,61
137,2025-01,111,41
137,2025-02,76,31
137,2025-03,113,47
137,2025-04,230,73
137,2025-05,110,35
137,2025-06,144,53
137,2025-07,110,44
137,2025-08,202,75
137,2025-09,134,57
137,2025-10,176,64
137,2025-11,152,64
137,2025-12,189,57
137,2026-01,190,73
137,2026-02,144,59
137,2026-03,164,64
137,2026-04,152,57
137,2026-05,77,28
137,2026-06,83,28
137,2026-07,127,53
137,2026-08,77,24
137,2026-09,106,47
138,2024-10,100,39
138,2024-11,133,49
138,2024-12,164,67
138,2025-01,41,13
138,2025-02,63,25
138,2025-03,133,59
138,2025-04,114,41
138,2025-05,112,43
138,2025-06,124,55
138,2025-07,111,41
138,2025-08,158,53
138,2025-09,183,79
138,2025-10,108,44
138,2025-11,125,38
138,2025-12,118,42
138,2026-01,129,55
138,2026-02,184,64
138,2026-03,214,95
138,2026-04,154,47
138,2026-05,226,69
138,2026-06,159,59
138,2026-07,187,68
138,2026-08,84,33
138,2026-09,137,60
139,2024-10,166,69
139,2024-11,225,89
139,2024-12,199,87
139,2025-01,206,64
139,2025-02,193,61
139,2025-03,203,70
139,2025-04,268,110
139,2025-05,153,56
139,2025-06,144,43
139,2025-07,210,92
139,2025-08,215,79
139,2025-09,193,68
139,2025-10,259,100
139,2025-11,223,86
139,2025-12,371,139
139,2026-01,234,91
139,2026-02,179,67
139,2026-03,182,73
139,2026-04,198,63
139,2026-05,265,104
139,2026-06,161,69
139,2026-07,350,119
139,2026-08,172,62
139,2026-09,245,78
140,2024-10,210,92
140,2024-11,171,73
140,2024-12,388,144
140,2025-01,164,65
140,2025-02,231,103
140,2025-03,223,80
140,2025-04,215,65
140,2025-05,197,74
140,2025-06,247,93
140,2025-07,169,59
140,2025-08,194,72
140,2025-09,196,77
140,2025-10,179,60
140,2025-11,275,112
140,2025-12,319,122
140,2026-01,165,68
140,2026-02,183,60
140,2026-03,318,105
140,2026-04,326,129
140,2026-05,351,127
140,2026-06,244,79
140,2026-07,201,87
140,2026-08,354,138
140,2026-09,225,67
